{"cameraMode":{"drawMode":0,"name":"Shaded","section":"Shading Mode"},"sceneLighting":true,"audioPlay":false,"sceneViewState":{"showFog":true,"showMaterialUpdate":false,"showSkybox":true,"showFlares":true,"showImageEffects":true,"showParticleSystems":true,"showVisualEffectGraphs":true,"m_FxEnabled":true},"in2DMode":false,"pivot":{"x":5.655829429626465,"y":-2.3286099433898927,"z":-14.71203899383545},"rotation":{"x":-0.017513804137706758,"y":-0.9772601127624512,"z":0.19149568676948548,"w":-0.08937796205282211},"size":11.577262878417969,"orthographic":false}